{"stats":{"minecraft:picked_up":{"minecraft:birch_log":1,"minecraft:stick":3,"dynamictrees:birch_seed":3,"minecraft:oak_log":6},"minecraft:crafted":{"minecraft:oak_planks":24},"minecraft:custom":{"minecraft:jump":42,"minecraft:time_since_rest":9664,"minecraft:damage_taken":10,"minecraft:crouch_one_cm":322,"minecraft:play_one_minute":9664,"minecraft:leave_game":3,"minecraft:sprint_one_cm":9759,"minecraft:time_since_death":9664,"minecraft:walk_one_cm":4424,"minecraft:sneak_time":286,"minecraft:fall_one_cm":418,"minecraft:fly_one_cm":84502},"minecraft:mined":{"minecraft:oak_log":6,"minecraft:oak_leaves":1}},"DataVersion":2586}