{"stats":{"minecraft:custom":{"minecraft:jump":29,"minecraft:time_since_rest":6312,"minecraft:damage_taken":10,"minecraft:crouch_one_cm":94,"minecraft:play_one_minute":6312,"minecraft:leave_game":2,"minecraft:sprint_one_cm":7490,"minecraft:time_since_death":6312,"minecraft:walk_one_cm":2021,"minecraft:sneak_time":212,"minecraft:fall_one_cm":418,"minecraft:fly_one_cm":63401},"minecraft:mined":{"minecraft:oak_log":6,"minecraft:oak_leaves":1},"minecraft:picked_up":{"minecraft:oak_log":6},"minecraft:crafted":{"minecraft:oak_planks":24}},"DataVersion":2586}