{"stats":{"minecraft:killed":{"minecraft:skeleton":1,"minecraft:sheep":1,"minecraft:creeper":1,"minecraft:cow":1},"minecraft:picked_up":{"minecraft:stick":13,"minecraft:crafting_table":1,"minecraft:wooden_pickaxe":1,"minecraft:oak_log":11,"minecraft:gunpowder":2,"minecraft:dirt":8,"minecraft:arrow":1,"minecraft:beef":2,"dynamictrees:oak_seed":4,"minecraft:oak_sapling":1,"minecraft:mutton":2,"minecraft:oak_planks":11,"minecraft:coal":6,"minecraft:white_wool":1,"minecraft:cobblestone":15},"minecraft:crafted":{"minecraft:oak_planks":44,"minecraft:crafting_table":3,"minecraft:stick":8,"minecraft:wooden_pickaxe":1,"minecraft:stone_pickaxe":1,"minecraft:furnace":1,"minecraft:stone_axe":1,"minecraft:air":0,"minecraft:cooked_mutton":2},"minecraft:mined":{"minecraft:crafting_table":1,"minecraft:grass":14,"minecraft:oak_log":5,"minecraft:grass_block":4,"minecraft:coal_ore":6,"minecraft:dirt":4,"minecraft:tall_grass":24,"minecraft:stone":15,"minecraft:oak_leaves":1},"minecraft:killed_by":{"minecraft:zombie":1},"minecraft:used":{"minecraft:cooked_mutton":2,"minecraft:stone_pickaxe":14,"minecraft:oak_planks":4,"minecraft:wooden_pickaxe":7,"minecraft:stone_axe":9,"minecraft:dirt":2,"minecraft:crafting_table":4,"minecraft:furnace":1},"minecraft:custom":{"minecraft:time_since_rest":11572,"minecraft:interact_with_furnace":2,"minecraft:sprint_one_cm":16669,"minecraft:damage_taken":460,"minecraft:walk_one_cm":48005,"minecraft:mob_kills":4,"minecraft:damage_dealt":470,"minecraft:interact_with_crafting_table":4,"minecraft:fly_one_cm":34744,"minecraft:crouch_one_cm":644,"minecraft:play_time":22053,"minecraft:deaths":1,"minecraft:sneak_time":798,"minecraft:jump":104,"minecraft:leave_game":2,"minecraft:time_since_death":11502,"minecraft:total_world_time":22053,"minecraft:fall_one_cm":418}},"DataVersion":3465}