{"stats":{"minecraft:used":{"minecraft:cooked_mutton":5,"minecraft:cobblestone_stairs":1,"minecraft:stone_pickaxe":62,"minecraft:chest":2,"minecraft:wooden_pickaxe":8,"minecraft:crafting_table":4,"minecraft:white_bed":1,"minecraft:dark_oak_log":5,"dynamictrees:birch_seed":2,"minecraft:barrel":2,"minecraft:stone_axe":71,"minecraft:light_gray_wool":1,"carryon:tile_item":2,"minecraft:cobblestone":5,"minecraft:furnace":4},"minecraft:crafted":{"minecraft:cooked_beef":8,"minecraft:oak_planks":100,"sophisticatedbackpacks:backpack":1,"minecraft:cooked_porkchop":3,"minecraft:crafting_table":1,"minecraft:wooden_pickaxe":1,"minecraft:furnace":2,"minecraft:birch_planks":12,"minecraft:stone_axe":1,"minecraft:cooked_mutton":19,"minecraft:air":0,"minecraft:stick":4,"minecraft:stone_pickaxe":1,"minecraft:chest":2,"minecraft:white_bed":1},"minecraft:mined":{"minecraft:white_bed":1,"minecraft:cobblestone_stairs":1,"minecraft:crafting_table":3,"minecraft:grass_block":1,"minecraft:chest":1,"minecraft:tall_grass":9,"minecraft:oxeye_daisy":1,"minecraft:hay_block":3,"minecraft:furnace":2,"minecraft:barrel":2,"minecraft:pumpkin":1,"minecraft:grass":8,"minecraft:oak_log":10,"minecraft:coal_ore":35,"minecraft:stone":30,"minecraft:oak_leaves":5},"minecraft:custom":{"minecraft:interact_with_furnace":25,"minecraft:mob_kills":35,"minecraft:interact_with_crafting_table":7,"minecraft:open_barrel":10,"minecraft:play_one_minute":50564,"minecraft:damage_dealt_resisted":162,"minecraft:leave_game":4,"minecraft:time_since_death":50564,"minecraft:sleep_in_bed":2,"minecraft:climb_one_cm":1268,"minecraft:time_since_rest":13897,"minecraft:sprint_one_cm":119870,"minecraft:damage_taken":250,"minecraft:walk_one_cm":94076,"minecraft:damage_dealt":3053,"minecraft:fly_one_cm":184675,"minecraft:open_chest":14,"minecraft:crouch_one_cm":3427,"minecraft:sneak_time":2158,"minecraft:walk_under_water_one_cm":2760,"minecraft:jump":640,"minecraft:walk_on_water_one_cm":8082,"minecraft:fall_one_cm":11236},"minecraft:picked_up":{"minecraft:birch_log":4,"minecraft:crafting_table":3,"minecraft:feather":3,"minecraft:chicken":3,"minecraft:leather":9,"minecraft:birch_planks":1,"minecraft:mushroom_stew":3,"minecraft:oak_log":25,"minecraft:cobblestone_stairs":1,"minecraft:string":2,"minecraft:dirt":1,"minecraft:cooked_mutton":3,"minecraft:bone":1,"minecraft:beef":17,"dynamictrees:birch_seed":6,"dynamictrees:oak_seed":13,"minecraft:light_gray_wool":1,"minecraft:chest":1,"minecraft:furnace":2,"minecraft:stick":29,"minecraft:cooked_porkchop":3,"minecraft:pumpkin":1,"minecraft:porkchop":3,"minecraft:ink_sac":1,"minecraft:white_bed":1,"minecraft:barrel":2,"minecraft:arrow":2,"minecraft:cooked_cod":1,"minecraft:hay_block":3,"minecraft:gray_wool":1,"minecraft:oak_sapling":7,"minecraft:black_wool":1,"minecraft:mutton":23,"minecraft:coal":41,"minecraft:white_wool":16,"minecraft:cobblestone":30,"minecraft:oxeye_daisy":1},"minecraft:killed":{"minecraft:pig":1,"minecraft:spider":1,"minecraft:squid":1,"minecraft:sheep":19,"minecraft:skeleton":1,"minecraft:zombie":1,"minecraft:chicken":3,"minecraft:cow":7}},"DataVersion":2586}