{"stats":{"minecraft:mined":{"minecraft:oak_log":6,"minecraft:oak_leaves":1},"minecraft:picked_up":{"minecraft:oak_log":6},"minecraft:crafted":{"minecraft:oak_planks":24},"minecraft:custom":{"minecraft:jump":27,"minecraft:time_since_rest":3457,"minecraft:leave_game":1,"minecraft:crouch_one_cm":94,"minecraft:play_one_minute":3457,"minecraft:sprint_one_cm":7208,"minecraft:damage_taken":10,"minecraft:time_since_death":3457,"minecraft:walk_one_cm":1865,"minecraft:sneak_time":169,"minecraft:fall_one_cm":418,"minecraft:fly_one_cm":7944}},"DataVersion":2586}