{"stats":{"minecraft:used":{"minecraft:bread":3,"minecraft:stone_pickaxe":35,"minecraft:iron_pickaxe":8,"minecraft:wooden_pickaxe":12,"minecraft:shield":14,"minecraft:iron_sword":31,"minecraft:torch":1,"minecraft:stone_axe":31,"minecraft:crafting_table":4,"minecraft:furnace":2,"minecraft:white_bed":2,"minecraft:cooked_mutton":5},"minecraft:killed":{"minecraft:sheep":5,"minecraft:skeleton":5,"minecraft:pig":13,"minecraft:cow":1},"minecraft:crafted":{"minecraft:cooked_beef":3,"minecraft:oak_planks":24,"minecraft:shield":1,"minecraft:crafting_table":1,"minecraft:spruce_planks":60,"minecraft:stick":8,"minecraft:wooden_pickaxe":1,"minecraft:iron_ingot":1,"minecraft:stone_pickaxe":1,"minecraft:furnace":1,"minecraft:white_bed":1,"minecraft:torch":28,"minecraft:stone_axe":1,"minecraft:cooked_mutton":6,"minecraft:air":0},"minecraft:custom":{"minecraft:time_since_rest":9995,"minecraft:interact_with_furnace":7,"minecraft:sprint_one_cm":90815,"minecraft:damage_taken":483,"minecraft:walk_one_cm":95022,"minecraft:damage_blocked_by_shield":520,"minecraft:mob_kills":24,"minecraft:drop":1,"minecraft:damage_dealt":2467,"minecraft:interact_with_crafting_table":6,"minecraft:fly_one_cm":21774,"minecraft:open_chest":5,"minecraft:crouch_one_cm":2483,"minecraft:play_time":33928,"minecraft:sneak_time":1321,"minecraft:walk_under_water_one_cm":2516,"minecraft:jump":253,"minecraft:leave_game":2,"minecraft:time_since_death":33928,"minecraft:walk_on_water_one_cm":20342,"minecraft:sleep_in_bed":2,"minecraft:total_world_time":33928,"minecraft:climb_one_cm":1335,"minecraft:fall_one_cm":954},"minecraft:dropped":{"minecraft:cooked_mutton":1},"minecraft:picked_up":{"minecraft:crafting_table":5,"minecraft:stick":5,"minecraft:raw_iron":2,"minecraft:sweet_berries":18,"minecraft:brown_wool":1,"minecraft:leather":1,"minecraft:porkchop":30,"minecraft:oak_log":11,"minecraft:white_bed":2,"minecraft:spruce_log":15,"minecraft:dirt":17,"minecraft:cooked_mutton":1,"minecraft:bone":9,"minecraft:arrow":9,"minecraft:wheat_seeds":3,"minecraft:iron_ingot":1,"minecraft:beef":3,"minecraft:coal":7,"minecraft:black_wool":1,"minecraft:sugar_cane":24,"minecraft:mutton":7,"minecraft:oak_planks":6,"minecraft:white_wool":3,"minecraft:cobblestone":38,"minecraft:furnace":4},"minecraft:mined":{"minecraft:large_fern":1,"minecraft:white_bed":2,"minecraft:furnace":4,"minecraft:iron_ore":2,"minecraft:sweet_berry_bush":7,"minecraft:crafting_table":5,"minecraft:grass":7,"minecraft:coal_ore":7,"minecraft:grass_block":4,"minecraft:oak_log":11,"minecraft:dirt":13,"minecraft:stone":38,"minecraft:sugar_cane":11,"minecraft:oak_leaves":1,"minecraft:fern":5}},"DataVersion":3465}