{"stats":{"minecraft:crafted":{"minecraft:cooked_beef":3,"minecraft:oak_planks":44,"minecraft:cooked_porkchop":27,"minecraft:crafting_table":1,"minecraft:spruce_planks":60,"minecraft:wooden_pickaxe":1,"minecraft:furnace":1,"minecraft:bucket":1,"minecraft:stone_axe":1,"minecraft:cooked_mutton":7,"minecraft:air":0,"minecraft:shield":1,"minecraft:stick":8,"minecraft:iron_ingot":1,"minecraft:stone_pickaxe":1,"minecraft:white_bed":1,"minecraft:spruce_boat":1,"minecraft:torch":28},"minecraft:killed":{"minecraft:pig":13,"minecraft:sheep":9,"minecraft:skeleton":5,"minecraft:zombie":2,"minecraft:cow":14},"minecraft:used":{"minecraft:cooked_mutton":5,"minecraft:stone_pickaxe":35,"minecraft:shield":18,"minecraft:wooden_pickaxe":12,"minecraft:iron_sword":67,"minecraft:torch":1,"minecraft:crafting_table":6,"minecraft:white_bed":4,"minecraft:spruce_boat":1,"minecraft:bread":3,"minecraft:iron_pickaxe":10,"minecraft:stone_axe":33,"minecraft:furnace":4,"minecraft:cooked_porkchop":1,"minecraft:egg":1},"minecraft:killed_by":{"minecraft:zombie":1},"minecraft:mined":{"minecraft:white_bed":3,"minecraft:crafting_table":7,"minecraft:grass_block":4,"minecraft:sugar_cane":11,"minecraft:large_fern":3,"minecraft:furnace":6,"minecraft:iron_ore":2,"minecraft:sweet_berry_bush":7,"minecraft:grass":9,"minecraft:oak_log":11,"minecraft:coal_ore":7,"minecraft:dirt":13,"minecraft:stone":38,"minecraft:oak_leaves":1,"minecraft:fern":5},"minecraft:dropped":{"minecraft:cooked_mutton":1,"minecraft:brown_wool":1,"minecraft:black_wool":1},"minecraft:picked_up":{"minecraft:iron_chestplate":1,"minecraft:crafting_table":9,"minecraft:leather":14,"minecraft:brown_wool":2,"minecraft:wooden_pickaxe":1,"minecraft:filled_map":1,"minecraft:oak_log":16,"minecraft:shield":1,"minecraft:string":2,"minecraft:dirt":34,"minecraft:iron_leggings":1,"minecraft:cooked_mutton":2,"minecraft:bone":32,"minecraft:apple":2,"minecraft:wheat_seeds":7,"minecraft:spruce_planks":88,"minecraft:beef":29,"minecraft:iron_ingot":40,"minecraft:stone_pickaxe":1,"minecraft:iron_pickaxe":2,"minecraft:sugar_cane":48,"minecraft:iron_sword":3,"minecraft:oak_planks":8,"minecraft:egg":1,"minecraft:iron_boots":1,"minecraft:furnace":9,"minecraft:raw_iron":2,"minecraft:stick":5,"minecraft:cooked_porkchop":3,"minecraft:sweet_berries":36,"minecraft:torch":27,"minecraft:porkchop":60,"minecraft:white_bed":4,"minecraft:spruce_log":15,"minecraft:arrow":28,"minecraft:rotten_flesh":2,"minecraft:spruce_boat":1,"minecraft:stone_axe":1,"minecraft:bread":8,"minecraft:iron_bars":4,"minecraft:black_wool":2,"minecraft:mutton":13,"minecraft:coal":7,"minecraft:white_wool":7,"minecraft:cobblestone":62,"minecraft:ender_pearl":2},"minecraft:custom":{"minecraft:interact_with_furnace":12,"minecraft:mob_kills":43,"minecraft:interact_with_crafting_table":8,"minecraft:leave_game":3,"minecraft:time_since_death":19746,"minecraft:sleep_in_bed":4,"minecraft:climb_one_cm":1535,"minecraft:time_since_rest":468,"minecraft:sprint_one_cm":134260,"minecraft:damage_taken":754,"minecraft:walk_one_cm":138608,"minecraft:damage_blocked_by_shield":580,"minecraft:drop":3,"minecraft:damage_dealt":4467,"minecraft:fly_one_cm":126590,"minecraft:open_chest":5,"minecraft:crouch_one_cm":3173,"minecraft:play_time":54606,"minecraft:deaths":1,"minecraft:sneak_time":1831,"minecraft:walk_under_water_one_cm":2516,"minecraft:jump":476,"minecraft:walk_on_water_one_cm":20485,"minecraft:total_world_time":54606,"minecraft:fall_one_cm":5933}},"DataVersion":3465}